{"cameraMode":{"drawMode":0,"name":"Shaded","section":"Shading Mode"},"sceneLighting":true,"audioPlay":false,"sceneViewState":{"showFog":true,"showMaterialUpdate":true,"showSkybox":true,"showFlares":true,"showImageEffects":true,"showParticleSystems":true},"in2DMode":false,"pivot":{"x":-6.854133605957031,"y":24.24578094482422,"z":-5.928581237792969},"rotation":{"x":-0.04680698737502098,"y":0.9267705678939819,"z":-0.12334205210208893,"w":-0.35169902443885805},"size":79.2516098022461,"orthographic":false}